Group,Matrix ID,Name,Kind,Type,Author,Num Rows,Num Cols,Nonzeros,Pattern Entries,Num Explicit Zeros,Symmetric,Structural Rank,Structural Rank Full,Rank,Full Numerical Rank?,sprank(A)-rank(A),Null Space Dimension,Num Dmperm Blocks,Strongly Connect Components,Pattern Symmetry,Numeric Symmetry,Positive Definite,Cholesky Candidate,Matrix Norm,Minimum Singular Value,Condition Number,RCM Bandwidth,Directional Mean Bias,Signed Frobenius Ratio,Gershgorin Discs,Strictly Diagonally Dominant Row Fraction,Fiedler Value,Brauer Pair Count,Brauer Max Product,Brauer Mean Product,Brauer Min Product,Brauer Max Center Distance,Brauer Mean Center Distance,Brauer Unions,Brauer Mean Product (Top)
Meszaros,1675,gams10am,Linear Programming Problem,real,C. Meszaros,114,171,407,407,0,0,114,1,114,1,0,0,2,4,0,0,0,0,2.967192,1,2.967192,35,-0.965898395,1.0161743686004672,"[[-4.5455,4.5455]]",0,2.7460706333509518e-11,407,19.917355392644627,10.127150896335367,1,2.4909090890000005,1.373866429085995,,27.103194103194102
Meszaros,1676,gams30am,Linear Programming Problem,real,C. Meszaros,354,531,1287,1287,0,0,354,1,354,1,0,0,2,4,0,0,0,0,2.996346,0.7542948,3.97238,117,-0.930997286,1.002512854579123,"[[-4.8387,4.8387]]",0,2.8352707537588305e-11,1287,20.010405879446413,10.340500831863084,1,2.812903238000008,1.3523523086045075,,62.96114996114997
Meszaros,1677,gams60am,Linear Programming Problem,real,C. Meszaros,714,1071,2607,2607,0,0,714,1,714,1,0,0,2,4,0,0,0,0,2.999086,0.5426474,5.526768,235,-0.922073745,1.0008664851466729,"[[-4.918,4.918]]",0,2.891983330414853e-11,2607,20.01074977034561,10.38178914772761,1,2.9049180260000016,1.341035169396241,,116.23743766781742
Meszaros,1678,gas11,Linear Programming Problem,real,C. Meszaros,459,862,2166,2166,0,0,459,1,459,1,0,0,8,11,0,0,0,0,608.7387,0.000163224,3729466,51,1.1751891334788955,-1.298646813,"[[-758.0,758.0]]",0.001514005,2.8192708352341746e-12,2166,529258.34,16908.367794951828,0.3519,694.2299934234001,111.47423497422524,,19.513388734995385
Meszaros,1679,aa01,Linear Programming Problem,binary,C. Meszaros,823,8904,72965,72965,0,0,823,1,712,0,111,111,1,1,0,0,0,0,38.72977,1.636651e-16,2.366404e+17,5947,inf,inf,"[[-368.0,368.0]]",0,1.0187460541088964,72965,5520,1131.7553347495375,8,364,117.18048379359968,,1131.7553347495375
Meszaros,1680,aa03,Linear Programming Problem,binary,C. Meszaros,825,8627,70806,70806,0,0,822,0,706,0,116,119,6,1,0,0,0,0,39.34059,9.42304e-18,4.174937e+18,7624,inf,inf,"[[-461.0,461.0]]",0,0.230580909,70806,6454,1214.7892833940627,4,459,127.0838064570799,,1214.7892833940627
Meszaros,1681,aa3,Linear Programming Problem,binary,C. Meszaros,825,8627,70806,70806,0,0,822,0,706,0,116,119,6,1,0,0,0,0,39.34059,9.42304e-18,4.174937e+18,7624,inf,inf,"[[-461.0,461.0]]",0,0.2305809091553596,70806,6454,1214.7892833940627,4,459,127.0838064570799,,1214.7892833940627
Meszaros,1682,aa4,Linear Programming Problem,binary,C. Meszaros,426,7195,52121,52121,0,0,426,1,367,0,59,59,1,1,0,0,0,0,41.54547,4.47766e-16,9.278387e+16,6667,inf,inf,"[[-404.0,404.0]]",0,0.6602526971653242,52121,5252,1414.327008307592,6,402,172.57331977513863,,1414.327008307592
Meszaros,1683,aa5,Linear Programming Problem,binary,C. Meszaros,801,8308,65953,65953,0,0,800,0,692,0,108,109,2,1,0,0,0,0,38.25762,2.953259e-31,1.295437e+32,7488,inf,inf,"[[-354.0,354.0]]",0,0.4944413994820476,65953,4602,1166.001637529756,6,350,126.88796567252436,,1166.001637529756
Meszaros,1684,aa6,Linear Programming Problem,binary,C. Meszaros,646,7292,51728,51728,0,0,646,1,563,0,83,83,2,1,0,0,0,0,37.61399,1.68326e-16,2.234592e+17,6482,inf,inf,"[[-358.0,358.0]]",0,0.2886534780810987,51728,4788,1024.3857678626662,4,356,123.47517785338697,,1024.3857678626662
Meszaros,1685,air02,Linear Programming Problem,binary,C. Meszaros,50,6774,61555,61555,0,0,50,1,50,1,0,0,1,1,0,0,0,0,131.3901,1,131.3901,3730,inf,inf,"[[-3729.0,3729.0]]",0,0.9228621472736188,61555,55935,16606.08489968321,20,3728,1700.076679392413,,16606.08489968321
Meszaros,1686,air03,Linear Programming Problem,binary,C. Meszaros,124,10757,91028,91028,0,0,124,1,124,1,0,0,1,1,0,0,0,0,125.385,0.7052219,177.7951,6889,inf,inf,"[[-3861.0,3861.0]]",0,0.2792569795965943,91028,54054,14277.577097156918,2,3860,1563.3929340422726,,14277.577097156918
Meszaros,1687,air04,Linear Programming Problem,binary,C. Meszaros,823,8904,72965,72965,0,0,823,1,712,0,111,111,1,1,0,0,0,0,38.72977,1.636651e-16,2.366404e+17,5947,inf,inf,"[[-368.0,368.0]]",0,1.0187460541089242,72965,5520,1131.7553347495375,8,364,117.18048379359968,,1131.7553347495375
Meszaros,1688,air05,Linear Programming Problem,binary,C. Meszaros,426,7195,52121,52121,0,0,426,1,367,0,59,59,1,1,0,0,0,0,41.54547,4.47766e-16,9.278387e+16,6667,inf,inf,"[[-404.0,404.0]]",0,0.6602526971653241,52121,5252,1414.327008307592,6,402,172.57331977513863,,1414.327008307592
Meszaros,1689,air06,Linear Programming Problem,binary,C. Meszaros,825,8627,70806,70806,0,0,822,0,706,0,116,119,6,1,0,0,0,0,39.34059,9.42304e-18,4.174937e+18,7624,inf,inf,"[[-461.0,461.0]]",0,0.2305809091553295,70806,6454,1214.7892833940627,4,459,127.0838064570799,,1214.7892833940627
Meszaros,1690,aircraft,Linear Programming Problem,integer,C. Meszaros,3754,7517,20267,20267,0,0,3754,1,3754,1,0,0,1,1,0,0,0,0,3202.656,0.1539053,20809.26,6007,19.02688139492644,58.38668112963207,"[[-60751.0,60751.0]]",0,0.000887304,20267,13608224,1675364.4878373712,27,60746,11478.99008239996,,2644.968421572013
Meszaros,1691,bas1lp,Linear Programming Problem,integer,C. Meszaros,5411,9825,587775,587775,0,0,5411,1,5411,1,0,0,1,2,0,0,0,0,1489.678,0.03624941,41095.25,5684,inf,inf,"[[-2117.0,2117.0]]",0,4.496505760140709e-13,587775,4003247,250124.3814639956,9,2103,401.0526391901663,,35498.979539789885
Meszaros,1692,baxter,Linear Programming Problem,real,C. Meszaros,27441,30733,111576,111576,0,0,24386,0,24383,0,3,3058,74,43,0,0,0,0,600533.1,0,inf,21237,-0.000366044,-2437.702761,"[[-2816756.2,2816756.2]]",0,9.563641401972505e-13,111576,913370660707.4598,1617661250.6630669,1,2816749.2,68391.68112472126,,1571.3848587509858
Meszaros,1693,car4,Linear Programming Problem,real,C. Meszaros,16384,33052,63724,63724,0,0,16384,1,16384,1,0,0,1,15685,0,0,0,0,1.688053,1.414214,1.193634,870,-0.352091213,1.0002067649357214,"[[-3.0,3.0]]",0,1.5354776791834327e-11,63724,2.999993,2.350246760875032,2,2,1.3502593517042245,,3861.555144058753
Meszaros,1694,cari,Linear Programming Problem,real,C. Meszaros,400,1200,152800,152800,0,0,400,1,400,1,0,0,1,1,0,0,0,0,4.425412,1.414214,3.129239,818,-0.013630866,1.068113305,"[[-6.1934,6.1934]]",0,0.2646127473749565,152800,25.970988089600013,25.86744029855497,6.193359999999998,5.193360000000003,2.016719162303665,,144402
Meszaros,1695,ch,Linear Programming Problem,real,C. Meszaros,3700,8291,24102,24102,0,0,3700,1,3700,1,0,0,19,19,0,0,0,0,757.7135,0.2672057,2835.693,3772,2.8701214560924515,6.348423096414344,"[[-4496.6225,4496.6225]]",0,3.636409132308357e-13,24102,1178115.0950000002,7755.735546644712,1,4495.6225,140.80311966969546,,117.7445855115758
Meszaros,1696,co5,Linear Programming Problem,real,C. Meszaros,5774,12325,57993,57993,0,0,5774,1,5774,1,0,0,60,75,0,0,0,0,3958.096,0.06826678,57979.83,4941,1.031569721045577,-1.112777073,"[[-12032.6082,12032.6082]]",0,2.0224158128514288e-12,57993,69115976.28832518,461719.9602,0.975,12031.60816,617.9903885041653,,1931.081009777042
Meszaros,1697,co9,Linear Programming Problem,real,C. Meszaros,10789,22924,109651,109651,0,0,10789,1,10789,1,0,0,96,123,0,0,0,0,3958.096,0.06824406,57999.13,9697,1.0536390875915245,-1.113807782,"[[-12032.6082,12032.6082]]",0,1.6685869661986585e-12,109651,69115976.28832518,444463.7879632282,0.975,12031.60816,597.7577542544173,,1937.599547655744
Meszaros,1698,complex,Linear Programming Problem,integer,C. Meszaros,1023,1408,46463,46463,0,0,1023,1,1023,1,0,0,1,1,0,0,0,0,113.5793,1,113.5793,1242,-1,6.664711345707564,"[[-512.0,512.0]]",0,0.3814049515471664,46463,197632,13976.782881002087,2,510,136.19008673568214,,13976.782881002087
Meszaros,1699,cq5,Linear Programming Problem,real,C. Meszaros,5048,11748,51571,51571,0,0,5048,1,5048,1,0,0,24,25,0,0,0,0,2239.528,0.05625196,39812.45,4606,2.4021010487185808,6.802469102419892,"[[-5575.7083,5575.7083]]",0,3.5200913961584438e-12,51571,5598011.135,7106.282531086207,0.200146668,5574.708302,226.64586975208923,,1759.559481103721
Meszaros,1700,cq9,Linear Programming Problem,real,C. Meszaros,9278,21534,96653,96653,0,0,9278,1,9278,1,0,0,32,33,0,0,0,0,2239.528,0.05625089,39813.2,8596,2.361804467014403,6.656780600034612,"[[-5575.7083,5575.7083]]",0,3.3918394125822922e-12,96653,5598011.135,6937.500434108848,0.200146668,5574.708302,222.28154123487107,,1716.2330294972735
Meszaros,1701,cr42,Linear Programming Problem,real,C. Meszaros,905,1513,6614,6614,0,0,905,1,905,1,0,0,2,1,0,0,0,0,462.6261,0.6723011,688.1233,1800,-0.936500815,1.1007472308449062,"[[-4340.2258,4340.2258]]",0,2.304409704107515,6614,588703.3829433772,119762.23067107996,345.1751693096999,4320.753241999999,1723.5101545178416,,1374.6375869368007
Meszaros,1702,crew1,Linear Programming Problem,binary,C. Meszaros,135,6469,46950,46950,0,0,135,1,135,1,0,0,1,1,0,0,0,0,70.19417,3.857517,18.19672,5802,inf,inf,"[[-775.0,775.0]]",0,1.9767672156129428,46950,12400,3653.7866879659214,222,769,427.84217252396166,,3653.7866879659214
Meszaros,1703,dano3mip,Linear Programming Problem,real,C. Meszaros,3202,15851,81633,81633,0,0,3202,1,3201,0,1,1,1,1,0,0,0,0,1818.452,1.391793e-14,1.306553e+17,14114,11.303694875449231,4.217745616743573,"[[-3697.292,3697.292]]",0,0.4353628315689056,81633,3712081.168,76209.01649085208,2.5,3674.292,295.8287240209229,,673.1498168632784
Meszaros,1705,dbir1,Linear Programming Problem,integer,C. Meszaros,18804,45775,1077025,1077025,0,0,18802,0,18512,0,290,292,2,2339,0,0,0,0,44318970,0,inf,17949,-6.85E-06,-251042.8066,"[[-492604002.0,492604002.0]]",0,0,1077025,1.272988986082407e+16,843402519175089.6,2,492604001,84657797.04008356,,72595.91671223973
Meszaros,1706,dbir2,Linear Programming Problem,integer,C. Meszaros,18906,45877,1158159,1158159,0,0,18904,0,18904,0,0,2,29,2366,0,0,0,0,2562482,0,inf,18208,-0.000210173,-16731.72337,"[[-171188642.0,171188642.0]]",0,0,1158159,154744261049480.0,1478790508241.6658,1,171188641,4420973.322811462,,83620.99027
Meszaros,1707,df2177,Linear Programming Problem,binary,C. Meszaros,630,10358,22336,22336,0,0,630,1,630,1,0,0,1,1,0,0,0,0,9.770326,4.869053,2.006617,8312,inf,inf,"[[-38.0,38.0]]",0,0.3994713344174149,22336,304,95.32521489971349,31,37,32.82208094555874,,95.32521489971349
Meszaros,1708,e18,Linear Programming Problem,integer,C. Meszaros,24617,38602,156466,156466,0,0,24617,1,24617,1,0,0,1,2,0,0,0,0,2040.59,0.00129226,1579087,19921,208.27696515836348,1178.0857662132116,"[[-2090.0,2090.0]]",1.5818029389898606e-05,1.349765993460345e-12,156466,4269870,347443.40870221006,3,2086,1721.0728145411783,,191.05929083634783
Meszaros,1709,ex3sta1,Linear Programming Problem,real,C. Meszaros,17443,17516,68779,68779,0,0,17443,1,17443,1,0,0,2,1,0,0,0,0,251.9769,0.03885563,6484.953,5058,-0.634393225,-1.038359709,"[[-500.0,500.0]]",0,0.129839108,68779,161017.1717644069,27306.73324195736,2,399.0000002,60.58323743564896,,46.11185100103229
Meszaros,1710,farm,Linear Programming Problem,integer,C. Meszaros,7,17,41,41,0,0,7,1,7,1,0,0,2,1,0,0,0,0,396.4272,0.8042323,492.9263,10,inf,inf,"[[-765.0,765.0]]",0,0.5751795917708801,41,216495,22504.26829268293,3,764,250.3902439,,25.43902439
Meszaros,1711,gams10a,Linear Programming Problem,real,C. Meszaros,114,171,407,407,0,0,114,1,114,1,0,0,2,4,0,0,0,0,2.967192,1,2.967192,35,-0.943731999,1.010425974729127,"[[-8.1091,8.1091]]",0,2.2013690333204598e-11,407,42.87497520920662,13.942478526915265,1,5.727272728000001,1.918266696545455,,27.103194103194102
Meszaros,1712,gams30a,Linear Programming Problem,real,C. Meszaros,354,531,1287,1287,0,0,354,1,354,1,0,0,2,4,0,0,0,0,2.996346,0.8249635,3.632095,117,-0.924112813,1.001861345360768,"[[-8.6323,8.6323]]",0,7.659640642850856e-12,1287,38.47202505552424,13.53945375184491,1,6.4967742089999945,1.8839812546728816,,62.96114996114997
Meszaros,1713,ge,Linear Programming Problem,real,C. Meszaros,10099,16369,44825,44825,0,0,10099,1,10099,1,0,0,482,3,0,0,0,0,13745,0.001084768,12670920,3554,8.789253744695888,34.50643045451838,"[[-13746.349,13746.349]]",0,4.447683153174978e-11,44825,188957313.5,55247.24263728501,1.078255,13744.53671,60.21786831551794,,39.764952593418855
Meszaros,1714,iiasa,Linear Programming Problem,real,C. Meszaros,669,3639,7317,7317,0,0,669,1,669,1,0,0,1,1,0,0,0,0,15884.11,1,15884.11,488,-0.698841153,3.271019690019556,"[[-39938.374,39938.374]]",0,0.000452369,7317,349979971.36200005,8904953.342865756,2.508,39937.374,2629.660193385267,,33.71286046193795
Meszaros,1715,jendrec1,Linear Programming Problem,real,C. Meszaros,2109,4228,89608,89608,0,0,2109,1,2109,1,0,0,1,1,0,0,0,0,3430.901,2.545775,1347.685,5578,1.0395787791344058,-1.061157317,"[[-81354.6657,81354.6657]]",0,2.1914767345770407,89608,102845785.05062623,20319767.595825333,38.85272596,81334.08853000004,27508.09360925262,,64080.38051290064
Meszaros,1716,kl02,Linear Programming Problem,binary,C. Meszaros,71,36699,212536,212536,0,0,71,1,64,0,7,7,1,1,0,0,0,0,157.773,1.128735e-14,1.397786e+16,30758,inf,inf,"[[-7638.0,7638.0]]",0,1.9764781178898008,212536,53466,23358.378632325817,1220,7634,3956.851093461813,,23358.378632325817
Meszaros,1717,l9,Linear Programming Problem,real,C. Meszaros,244,1483,4659,4659,0,0,244,1,244,1,0,0,1,1,0,0,0,0,5.103624,0.02183923,233.6906,208,-0.993232981,-1.00030081,"[[-18.5538,18.5538]]",0,0.00121183,4659,52.47807789044758,25.52934406404663,0.333333336,18.442691276000005,11.404083803430783,,78.02940545181369
Meszaros,1718,lp22,Linear Programming Problem,integer,C. Meszaros,2958,16392,68518,68518,0,0,2958,1,2958,1,0,0,1,1,0,0,0,0,25.78229,1,25.78229,13387,-1,-1.783245871,"[[-82.0,82.0]]",0,0.1766142835720708,68518,3034,311.37264660381214,2,81,22.672465629469627,,311.37264660381214
Meszaros,1719,lpl2,Linear Programming Problem,integer,C. Meszaros,3294,10881,32232,32232,0,0,3294,1,3261,0,33,33,1,1,0,0,0,0,500.133,3.888284e-16,1.286256e+18,2954,-0.254906143,-27.08949022,"[[-633.0,633.0]]",0,0.015738383,32232,316500,1006.1990878629932,6,632,136.68894266567386,,113.02438570364856
Meszaros,1720,lpl3,Linear Programming Problem,integer,C. Meszaros,10828,33686,100525,100525,0,0,10828,1,10739,0,89,89,174,1,0,0,0,0,500.3569,9.365187e-25,5.342733e+26,14685,-0.475959355,-16.63347674,"[[-857.0,857.0]]",0,0.015098911,100525,428500,854.0517682168614,3,856,187.4376025864213,,268.1381546878886
Meszaros,1721,mod2,Linear Programming Problem,real,C. Meszaros,34774,66409,199810,199810,0,0,34774,1,34774,1,0,0,420,420,0,0,0,0,8521.975,0.9993041,8527.91,18250,12.580228921427375,16.295374570627107,"[[-44832.517,44832.517]]",0,2.088084365157892e-12,199810,197858431.2935261,1165698.3928503687,0.0675,44831.517,1713.7184520277217,,113.46349532055451
Meszaros,1722,model1,Linear Programming Problem,real,C. Meszaros,362,798,3028,3028,0,0,362,1,362,1,0,0,1,1,0,0,0,0,4.969946,0.2828033,17.57386,380,-0.648023858,-1.088274441,"[[-21.0,21.0]]",0,0.011693077,3028,63.4956,12.359837613195957,1.04,20,4.142706111624835,,134.3560105680317
Meszaros,1723,model2,Linear Programming Problem,real,C. Meszaros,379,1321,7607,7607,0,0,379,1,377,0,2,2,13,2,0,0,0,0,2327.271,1.575923e-16,1.476767e+19,925,8.752487397610453,5.970113604414536,"[[-16468.8551,16468.8551]]",0,9.257180050465143e-12,7607,8252930.114518234,410020.75446565775,1.04,16466.85507,1130.6217400076246,,424.9739713421848
Meszaros,1724,model3,Linear Programming Problem,real,C. Meszaros,1609,4578,23974,23974,0,0,1609,1,1609,1,0,0,8,18,0,0,0,0,11299.77,0.2069106,54611.84,1375,-0.517014898,1.1742210748757362,"[[-73794.3876,73794.3876]]",0.00210118,1.4638899958662136e-11,23974,527303728.3315869,1573597.3085612047,0.6400000000000001,73793.38761999998,1502.683535447985,,473.59155752064737
Meszaros,1725,model4,Linear Programming Problem,real,C. Meszaros,1337,4962,45753,45753,0,0,1337,1,1337,1,0,0,1,2,0,0,0,0,4369.625,0.08881531,49199,1746,-0.931292105,2.311787872847429,"[[-19163.2006,19163.2006]]",0,9.307163277930776e-12,45753,70988799.54113497,427704.45683354256,1.02417,19162.200629000006,1495.1341246657926,,1063.5880488711125
Meszaros,1726,model5,Linear Programming Problem,real,C. Meszaros,1888,11802,89925,89925,0,0,1744,0,1744,0,0,144,10,145,0,0,0,0,503.8417,6.954984e-18,7.244326e+19,4050,-0.728925259,-1.370120876,"[[-3204.0,3204.0]]",0.010518626734842952,4.832397191410193e-12,89925,1226906.3943781783,25176.65197,1.012,3203.000012,659.6198309938169,,1602.5250041701418
Meszaros,1727,model6,Linear Programming Problem,real,C. Meszaros,2096,5289,27628,27628,0,0,2094,0,2094,0,0,2,32,10,0,0,0,0,1111.157,5.3698570000000004e-18,2.069248e+20,1938,-0.802456479,1.5436732894994825,"[[-3732.9847,3732.9847]]",0.000270819,4.952391709655474e-12,27628,1247878.802838477,6649.1122183834605,0.3846556000000001,3731.984746999999,132.1740711123498,,464.18379904444765
Meszaros,1728,model7,Linear Programming Problem,real,C. Meszaros,3358,9582,51027,51027,0,0,3358,1,3358,1,0,0,14,28,0,0,0,0,11358.62,0.2072454,54807.6,2465,-0.654264802,1.4933868624311597,"[[-77641.051,77641.051]]",0.001700155,5.780389929471306e-12,51027,573086481.3444996,1606465.6749654007,0.36,77640.05100999998,1661.727038905481,,538.9810492484371
Meszaros,1729,model8,Linear Programming Problem,real,C. Meszaros,2896,6464,25277,25277,0,0,2896,1,2896,1,0,0,1,1,0,0,0,0,5.10351,0.09516383,53.62867,472,-0.71770788,1.0048627125650609,"[[-21.0,21.0]]",0,0.004316051,25277,63.4956,13.301334916193133,1.04,20,4.341182192348776,,132.75277920639317
Meszaros,1730,model9,Linear Programming Problem,real,C. Meszaros,2879,10939,55956,55956,0,0,2787,0,2787,0,0,92,43,190,0,0,0,0,1000.003,3.1608740000000002e-18,3.16369e+20,3671,-0.810016907,1.3849651242813177,"[[-4137.4276,4137.4276]]",0.006657982,1.1782432943648766e-12,55956,1086984.3373996825,49601.583301584345,1,4136.427598000001,418.93792250450366,,479.8072771463293
Meszaros,1731,model10,Linear Programming Problem,real,C. Meszaros,4400,16819,150372,150372,0,0,4400,1,4400,1,0,0,5,2,0,0,0,0,37714.26,0.08983376,419822.8,5412,-0.816699155,-2.716748095,"[[-110764.3516,110764.3516]]",0,1.5318734157417538e-11,150372,1804986370,1027918.0266162122,1.02417,110763.3516,1579.8094470015624,,1110.7276155135264
Meszaros,1732,nemsafm,Linear Programming Problem,real,C. Meszaros,334,2348,2826,2826,0,0,334,1,334,1,0,0,1,1,0,0,0,0,4.985395,1.044457,4.773194,866,-0.99916957,1.2478776874462048,"[[-19.95,19.95]]",0,0.002707708,2826,79.70025000000001,15.441031390658171,2,17.954999999999995,9.318064402,,15.468152866242038
Meszaros,1733,nemscem,Linear Programming Problem,real,C. Meszaros,651,1712,3840,3840,0,0,651,1,651,1,0,0,173,1,0,0,0,0,11.99611,0.2688025,44.62796,907,1.677709855950016,1.2351109540776164,"[[-137.0,137.0]]",0,0.024168821,3840,410.863,29.466500243749994,1.985025,136,10.414215364583333,,38.4390625
Meszaros,1734,nemsemm1,Linear Programming Problem,real,C. Meszaros,3945,75352,1053986,1053986,0,0,3945,1,3945,1,0,0,59,134,0,0,0,0,14596.79,0.9984138,14619.97,38602,-0.09769705,3.595723674751583,"[[-178468.0598,178468.0598]]",0.000529654,5.990263398252568e-13,1053986,930729296.5,388755.8136332146,1,178467.05976000024,8698.285939935571,,18784.075165135026
Meszaros,1735,nemsemm2,Linear Programming Problem,real,C. Meszaros,6943,48878,182012,182012,0,0,6943,1,6943,1,0,0,22,35,0,0,0,0,14010.57,1,14010.57,17987,1.2471053524407187,10.122318101108323,"[[-64935.97,64935.97]]",0,2.1114972575004308e-12,182012,638799669.6994659,579530.5815080107,4.487967011e-05,64934.970000000016,6370.902993122088,,2940.761021251346
Meszaros,1736,nemspmm1,Linear Programming Problem,real,C. Meszaros,2372,8903,55867,55867,0,0,2362,0,2362,0,0,10,35,32,0,0,0,0,9383.82,2.133658e-17,4.397995e+20,3716,1.2870935502181653,-1.706336531,"[[-33760.5992,33760.5992]]",0.000886918,1.2941058264321041e-12,55867,299348144.1615135,540221.7655894981,0.416214,33759.59925,1865.8641325004023,,1561.7842196645604
Meszaros,1737,nemspmm2,Linear Programming Problem,real,C. Meszaros,2301,8734,68225,68225,0,0,2301,1,2301,1,0,0,60,23,0,0,0,0,9389.512,0.05564432,168741.6,4601,1.6638804423496067,-1.27762357,"[[-38525.8114,38525.8114]]",0,5.705782721721386e-13,68225,341600279.7067455,650539.0542380647,0.416214,38524.81144999984,2480.0087325014783,,2874.635060461708
Meszaros,1738,nemswrld,Linear Programming Problem,real,C. Meszaros,7138,28550,192283,192283,0,0,6647,0,6647,0,0,491,137,586,0,0,0,0,653.9511,0,inf,12030,-0.828184668,2.1095661672554566,"[[-5743.0,5743.0]]",0.013758126,8.799295872906409e-13,192283,533118.601,3945.149156422689,0.85,5742,161.36058077292324,,1905.828403967069
Meszaros,1739,nl,Linear Programming Problem,real,C. Meszaros,7039,15325,47035,47035,0,0,7039,1,7039,1,0,0,13,10,0,0,0,0,287.4049,0.08382964,3428.44,6121,1.347434901381478,-1.113218819,"[[-740.4044,740.4044]]",0,1.4462729500343962e-11,47035,359289.4683218516,2152.1967739824227,1,739.4044090000003,65.50368909157012,,367.8367599
Meszaros,1740,nw14,Linear Programming Problem,binary,C. Meszaros,73,123409,904910,904910,0,0,73,1,73,1,0,0,1,1,0,0,0,0,506.2787,1,506.2787,90951,inf,inf,"[[-90951.0,90951.0]]",0,0.7091250770680941,904910,1000461,234744.8099114829,9,90950,30619.17608380944,,234744.8099114829
Meszaros,1741,p0033,Linear Programming Problem,integer,C. Meszaros,15,48,113,113,0,0,15,1,15,1,0,0,1,1,0,0,0,0,2018.31,1,2018.31,28,-0.396627416,-1.854576567,"[[-5351.0,5351.0]]",0,0.089981719,113,8561600,2363771.6194690266,3,5350,2162.601769911505,,39.53982300884956
Meszaros,1742,p0040,Linear Programming Problem,integer,C. Meszaros,23,63,133,133,0,0,23,1,23,1,0,0,1,1,0,0,0,0,6027.466,1,6027.466,38,-0.001234611,-1315.301076,"[[-18887.0,18887.0]]",0,0.6507353122770017,133,41966914,8059075.240601504,5,18886,5111.473684210527,,16.714285714285715
Meszaros,1743,p010,Linear Programming Problem,real,C. Meszaros,10090,19090,118000,118000,0,0,10090,1,10090,1,0,0,20,10,0,0,0,0,17.58846,0.1496217,117.5528,4013,-0.216716171,-1.571683617,"[[-201.1,201.1]]",0,2.040019285508282e-12,118000,4786.18,527.0353560169492,1,200.0999999999988,114.2090711864398,,7562.332288135593
Meszaros,1744,p0201,Linear Programming Problem,integer,C. Meszaros,133,334,2056,2056,0,0,133,1,133,1,0,0,1,1,0,0,0,0,287.4185,1,287.4185,235,-0.211417513,-3.758706414,"[[-728.0,728.0]]",0,0.6938126809646091,2056,512512,23105.181906614787,4,727,253.6887159533074,,330.9036964980545
Meszaros,1745,p0282,Linear Programming Problem,integer,C. Meszaros,241,523,2207,2207,0,0,241,1,241,1,0,0,1,1,0,0,0,0,1598.135,1.051763,1519.483,437,-0.028717998,-53.40756866,"[[-6216.0,6216.0]]",0,0.2677471061253285,2207,7732704,745516.5677390122,3,6213,985.8667874943362,,698.8658812868147
Meszaros,1746,p0291,Linear Programming Problem,real,C. Meszaros,252,543,2283,2283,0,0,252,1,252,1,0,0,1,1,0,0,0,0,153.265,1.061057,144.4456,360,-0.750556038,2.1180766765827577,"[[-572.2,572.2]]",0,0.2161660530734963,2283,70008.66999999998,6880.296346911959,2,569.1999999999997,95.84165572,,748.5037231712658
Meszaros,1747,p0548,Linear Programming Problem,integer,C. Meszaros,176,724,1887,1887,0,0,176,1,176,1,0,0,1,1,0,0,0,0,14155.55,1,14155.55,388,-0.698309965,-1.000137109,"[[-20086.0,20086.0]]",0,0.3774922525483395,1887,231168865,15995011.078961316,2,13925,7472.322734499205,,95.23529411764706
Meszaros,1748,p05,Linear Programming Problem,real,C. Meszaros,5090,9590,59045,59045,0,0,5090,1,5090,1,0,0,15,10,0,0,0,0,12.7731,0.1496247,85.36762,2018,-0.217191839,-1.568196395,"[[-101.1,101.1]]",0,2.1531272814415128e-11,59045,2406.1800000000003,270.6991894317893,1,100.09999999999977,56.98523668388516,,3787.452790244729
Meszaros,1749,p2756,Linear Programming Problem,integer,C. Meszaros,755,3511,9692,9692,0,0,755,1,755,1,0,0,1,1,0,0,0,0,14160.72,1,14160.72,2296,-0.609039446,-1.000151136,"[[-20079.0,20079.0]]",0,0.054104255,9692,242946660,13221130.959451094,3,12110,7363.823669005365,,266.4072430870821
Meszaros,1750,p6000,Linear Programming Problem,integer,C. Meszaros,2095,7967,19826,19826,0,0,2095,1,2095,1,0,0,3,23,0,0,0,0,650185.8,1,650185.8,5854,1.4540695113487956,10.397125723687015,"[[-27141479.0,27141479.0]]",0.001987676,0,19826,3.07171E+12,88650364771.18127,1,27141478,12368465.18773328,,10464.523454050235
Meszaros,1751,pcb1000,Linear Programming Problem,integer,C. Meszaros,1565,2820,20463,20463,0,0,1565,1,1565,1,0,0,1,1,0,0,0,0,62.82051,0.2249519,279.262,1609,1.0631558204837677,12.133656075400255,"[[-1773.0,1773.0]]",0,0.012136858,20463,46098,2996.468162048576,4,1772,253.11454820896253,,2491.8310120705664
Meszaros,1752,pcb3000,Linear Programming Problem,integer,C. Meszaros,3960,7732,57479,57479,0,0,3960,1,3960,1,0,0,1,1,0,0,0,0,91.88917,0.1621465,566.7045,6202,1.0093901648534538,12.14330263952006,"[[-6085.0,6085.0]]",0,0.062181676,57479,170380,8020.120287409315,4,6084,868.7101376154769,,7946.963569303572
Meszaros,1753,pf2177,Linear Programming Problem,binary,C. Meszaros,9728,10178,30984,30984,0,0,9728,1,9662,0,66,66,1,271,0,0,0,0,9.75131,9.670723e-16,1.008333e+16,7849,inf,inf,"[[-37.0,37.0]]",0.013563749623229177,5.760770467350127e-12,30984,296,87.65343403046734,3,34,22.259940614510715,,87.65343403046734
Meszaros,1754,primagaz,Linear Programming Problem,integer,C. Meszaros,1554,10836,21665,21665,0,0,1554,1,1554,1,0,0,1,1,0,0,0,0,39.43343,0.06709412,587.7331,9282,-1,55.62373594069352,"[[-1548.0,1548.0]]",0,0.8599450553807364,21665,3096,1554.9977382875609,14,1547,775.7492730210016,,1554.9977382875609
Meszaros,1755,problem,Linear Programming Problem,integer,C. Meszaros,12,46,86,86,0,0,12,1,12,1,0,0,1,1,0,0,0,0,4.188722,0.4154815,10.08161,10,-1,1,"[[-10.0,10.0]]",0,0.086378808,86,20,15.674418604651162,4,9,6.209302325581396,,15.674418604651162
Meszaros,1756,progas,Linear Programming Problem,real,C. Meszaros,1650,1900,8897,8897,0,0,1650,1,1650,1,0,0,15,1,0,0,0,0,10124.87,0.03159968,320410.6,140,7.0475667580712456,5.625232266325569,"[[-12075.02,12075.02]]",0,0.012447417,8897,120774350,1261553.890895387,1.0029160241543231,12043.02,573.9545313392513,,52.80611442059121
Meszaros,1757,qiulp,Linear Programming Problem,real,C. Meszaros,1192,1900,4492,4492,0,0,1192,1,1192,1,0,0,1,1,0,0,0,0,30.8637,0.7571909,40.76079,996,-0.702965235,-1.794410124,"[[-199.0,199.0]]",0,0.1291702714285345,4492,1493.0526000000002,150.6888970614426,2.26,198,37.75729296527159,,139.17097061442564
Meszaros,1758,r05,Linear Programming Problem,real,C. Meszaros,5190,9690,104145,104145,0,0,5190,1,5190,1,0,0,25,20,0,0,0,0,18.22663,0.1496214,121.8183,2038,-0.16942347,-1.454277924,"[[-101.1,101.1]]",0,6.323070143027237e-12,104145,2618.49,440.03592500840176,1,100.09999999999977,66.26340582841229,,8643.167698881367
Meszaros,1759,refine,Linear Programming Problem,real,C. Meszaros,29,62,153,153,0,0,29,1,29,1,0,0,1,1,0,0,0,0,66.66729,1,66.66729,36,1.870967741935484,9.177394042,"[[-77.0,77.0]]",0,0.1741216620220905,153,5582.5,205.3905229,3,71.5,13.369281045751634,,37.05228758169935
Meszaros,1760,rlfddd,Linear Programming Problem,integer,C. Meszaros,4050,61521,264627,264627,0,0,4050,1,4050,1,0,0,1,1,0,0,0,0,45.67301,1.414214,32.2957,42119,-1,4.567973918639243,"[[-308.0,308.0]]",0,0.057424775,264627,13552,926.2550722,3,307,111.4156756491212,,926.2550722
Meszaros,1761,rlfdual,Linear Programming Problem,integer,C. Meszaros,8052,74970,282031,282031,0,0,8052,1,8052,1,0,0,1,5,0,0,0,0,33.48835,1.414214,23.67984,68805,-1,-3.008368581,"[[-202.0,202.0]]",0,3.531519994675267e-12,282031,6996,460.53925277717696,2,201,56.14186383766324,,460.53925277717696
Meszaros,1762,rlfprim,Linear Programming Problem,integer,C. Meszaros,58866,62716,320591,320591,0,0,58866,1,,,,,1,5,0,0,0,0,33.47306039135619,3.556978535892441e-06,9410532.015751354,45119,-1,5.069769756505188,"[[-200.0,200.0]]",3.289960684969815e-05,3.20480465530138e-12,320591,6908,441.5756524668503,2,197,46.10424497256629,,441.5756524668503
Meszaros,1763,rosen1,Linear Programming Problem,integer,C. Meszaros,520,1544,23794,23794,0,0,520,1,520,1,0,0,1,1,0,0,0,0,176.0156,3.009965,58.47761,1373,-0.909880846,1.0010426503050631,"[[-4674.0,4674.0]]",0,0.9665916891358226,23794,724470,164868.8900563167,33,4673,1485.267504412877,,7622.460536269647
Meszaros,1764,rosen2,Linear Programming Problem,integer,C. Meszaros,1032,3080,47536,47536,0,0,1032,1,1032,1,0,0,1,1,0,0,0,0,246.9583,2.769146,89.18211,2762,-0.909574043,1.0036644657535208,"[[-9377.0,9377.0]]",0,0.9665869394855372,47536,1453435,323592.55158195895,33,9376,2997.5265062268595,,14762.99333136991
Meszaros,1765,rosen7,Linear Programming Problem,integer,C. Meszaros,264,776,8034,8034,0,0,264,1,264,1,0,0,1,1,0,0,0,0,128.5098,2.007709,64.00819,639,-0.843604985,-1.015931741,"[[-2355.0,2355.0]]",0,0.934933888,8034,233145,77249.45207866566,17,2354,1073.5632312671148,,3642.480831466268
Meszaros,1766,rosen8,Linear Programming Problem,integer,C. Meszaros,520,1544,16058,16058,0,0,520,1,520,1,0,0,1,1,0,0,0,0,177.2312,1.767066,100.2969,1307,-0.853720377,-1.005015117,"[[-4668.0,4668.0]]",0,0.9349327752263726,16058,462132,152666.61607921286,17,4667,2180.281355087807,,7202.758687258687
Meszaros,1767,rosen10,Linear Programming Problem,integer,C. Meszaros,2056,6152,64192,64192,0,0,2056,1,2056,1,0,0,1,1,0,0,0,0,342.3064,1.763725,194.0816,5278,-0.863405954,1.0040050766961972,"[[-18536.0,18536.0]]",0,0.9344589774809762,64192,1853600,610467.5779224825,17,18535,8843.676049975074,,28549.50710368893
Meszaros,1768,route,Linear Programming Problem,real,C. Meszaros,20894,43019,206782,206782,0,0,20894,1,20779,0,115,115,1,1,0,0,0,0,13054.87,4.140545e-57,3.152936000000001e+60,22510,47.77045801655889,265.63673037015815,"[[-328158.0,328158.0]]",0,0.4956000435771002,206782,546711228,15617755.760216055,103,328157,44065.54951912642,,3389.5834066794982
Meszaros,1769,seymourl,Linear Programming Problem,integer,C. Meszaros,4944,6316,38493,38493,0,0,4944,1,4944,1,0,0,1,138,0,0,0,0,30.43719,1,30.43719,4608,-1,2.604956999812816,"[[-273.0,273.0]]",0,1.6375517771238145e-11,38493,4914,536.9663315407996,2,269,47.68773543241628,,536.9663315407996
Meszaros,1770,slptsk,Linear Programming Problem,real,C. Meszaros,2861,3347,72465,72465,0,0,2861,1,2861,1,0,0,1,1,0,0,0,0,449.7166,0.2536843,1772.741,4138,1.0274294375584063,1.019601118506705,"[[-4850.381,4850.381]]",0,1.8813301403579528,72465,1479880.7726185836,247578.4601836775,279.7081914,4756.827700999997,1672.2773636613256,,9685.620299
Meszaros,1771,south31,Linear Programming Problem,real,C. Meszaros,18425,36321,112398,112398,0,0,18425,1,18425,1,0,0,437,437,0,0,0,0,12894.29,0.2856027,45147.63,35423,-0.76339883,-4.872344055,"[[-28128.2,28128.2]]",0,5.1178934030256825e-15,112398,498482540.9397061,80788.88889882797,1,28127.2,4472.633127837514,,35347.25112546486
Meszaros,1772,stat96v1,Linear Programming Problem,real,C. Meszaros,5995,197472,588798,588798,0,0,5995,1,5995,1,0,0,1,1,0,0,0,0,25.99911,0.03434792,756.9341,194561,-0.999706885,-1.000955983,"[[-666.0,666.0]]",0,0.002819392,588798,4662,228.40642480445555,64.09367995,661,82.84093173513222,,305.1683039004888
Meszaros,1773,stat96v2,Linear Programming Problem,real,C. Meszaros,29089,957432,2852184,2852184,0,0,29089,1,29089,1,0,0,1,1,0,0,0,0,56.92381,0.01623119,3507.064,945659,-0.999640488,-1.001075928,"[[-3232.0,3232.0]]",0,0.002805774,2852184,22624,247.74627386301827,64.09367995,3225,85.61628053232636,,320.89303074415955
Meszaros,1774,stat96v3,Linear Programming Problem,real,C. Meszaros,33841,1113780,3317736,3317736,0,0,33841,1,33841,1,0,0,1,1,0,0,0,0,61.38626,0.01500885,4090.004,1100153,-0.999640364,-1.001079687,"[[-3760.0,3760.0]]",0,0.002805459,3317736,26320,251.8810451745903,64.09367995,3753,86.20645346877181,,324.3900111401269
Meszaros,1775,stat96v4,Linear Programming Problem,real,C. Meszaros,3173,63076,491336,491336,0,0,3173,1,3173,1,0,0,1,1,0,0,0,0,19.62001,0.002065077,9500.861,62142,-0.795792951,-1.017422687,"[[-109.4432,109.4432]]",0,0.003065083,491336,2292.282443529197,38.43160418499614,0.9807439718770236,109.08476668970437,38.561051745219785,,63030.81493723236
Meszaros,1776,stat96v5,Linear Programming Problem,real,C. Meszaros,2307,75779,233921,233921,0,0,2305,0,2305,0,0,2,3,3,0,0,0,0,19.52339,0,inf,74721,-0.981076533,-1.002409419,"[[-108.4174,108.4174]]",2.5612785902722638e-05,1.6005613233623162e-11,233921,2457.3471796898407,187.21954569109235,64.57578583709657,107.2767625,71.18464123368975,,1084.5537467777583
Meszaros,1777,t0331-4l,Linear Programming Problem,binary,C. Meszaros,664,46915,430982,430982,0,0,664,1,664,1,0,0,1,1,0,0,0,0,125.8427,0.4070207,309.1801,33764,inf,inf,"[[-1936.0,1936.0]]",0,0.24218923,430982,37860,11325.29660635479,157,1935,924.5808084792404,,11325.29660635479
Meszaros,1778,testbig,Linear Programming Problem,real,C. Meszaros,17613,31223,61639,61639,0,0,17613,1,17613,1,0,0,2,2,0,0,0,0,40.10958,0.05992705,669.3068,11192,1.1265900226872976,1.540498942685162,"[[-881.0,881.0]]",0,5.799052693504184e-13,61639,5219.5,252.6779798504193,1,879.0000000000119,85.97592433,,247.21145703207384
Meszaros,1779,ulevimin,Linear Programming Problem,real,C. Meszaros,6590,46937,164538,164538,0,0,6590,1,6590,1,0,0,197,184,0,0,0,0,57278700,0.07683087,745516800,31458,1.0499366938045418,-1.061138377,"[[-867014596.86,867014596.86]]",0,1.117319813872517e-13,164538,6025837590194017.0,20856762472874.93,1,867014594.8599994,7346907.985424253,,16938.472395434488
Meszaros,1780,us04,Linear Programming Problem,binary,C. Meszaros,163,28016,297538,297538,0,0,162,0,115,0,47,48,2,1,0,0,0,0,237.503,0,inf,14590,inf,inf,"[[-11625.0,11625.0]]",0,0.8977969091020382,297538,209250,52495.91966740383,10,11622,4719.415852765025,,52495.91966740383
Meszaros,1781,world,Linear Programming Problem,real,C. Meszaros,34506,67147,198883,198883,0,0,34506,1,34506,1,0,0,401,401,0,0,0,0,8521.975,0.9994044,8527.054,17678,13.33840392365444,20.046317380582483,"[[-44832.517,44832.517]]",0,4.258130947577978e-12,198883,197229095.3239761,1217568.8479161093,1,44831.517,1788.4011428683446,,116.5385578455675
Meszaros,1782,zed,Linear Programming Problem,real,C. Meszaros,116,142,666,666,0,0,116,1,116,1,0,0,5,1,0,0,0,0,4652.308,0.002140893,2173069,119,2.6793747733149744,25.786168706335875,"[[-10412.38,10412.38]]",0,0.2610641110694208,666,60366606.04039999,622724.1555445255,2,10411.38,1677.7531141141142,,221.3423423423424
Meszaros,1783,de063155,Linear Programming Problem,real,C. Meszaros,852,1848,4913,4913,0,0,852,1,841,0,11,11,1,253,0,0,0,0,1.09284E+12,0.06741886,1.62096E+13,172,1.7671897476240286,1.7096890866212866,"[[-1274818355929.8025,1274818355929.8025]]",0.093333333,0,4913,1.5663680594104335e+24,1.961968265682116e+21,2.5733686258800003e-05,1274818339464.9016,27994006401.782795,,47.75961734174639
Meszaros,1784,de063157,Linear Programming Problem,real,C. Meszaros,936,1908,5119,5119,0,0,936,1,111,0,825,825,1,253,0,0,0,0,4.077221541444752e+18,1.081264e-07,3.770793e+25,160,-0.933531779,-1.091728924,"[[-4.89841600001654e+18,4.89841600001654e+18]]",0.088607595,0.024947571,5119,2.267770671367665e+37,2.359650864707448e+34,2.5733686258800003e-05,4.89841600001654e+18,4.056129748931478e+16,,46.34987302207463
Meszaros,1785,de080285,Linear Programming Problem,real,C. Meszaros,936,1908,5082,5082,0,0,936,1,936,1,0,0,1,253,0,0,0,0,1945.555,0.00030129,6457418,172,1.2273520911088482,1.0547213862106826,"[[-2402.345,2402.345]]",0.088607595,1.6364891624258314e-11,5082,4716869.8388745645,41596.27697562263,2.5733686258800003e-05,2400.0674590000003,267.07597937981234,,46.43683589138134
Meszaros,1786,gen1,Linear Programming Problem,real,C. Meszaros,769,2561,63086,63086,0,0,769,1,769,1,0,0,1,1,0,0,0,0,39.20459,1.414228,27.72156,1768,-0.531343982,5.753989050415515,"[[-1537.0,1537.0]]",0,0.9992242826108122,63086,3074,1361.1404222191288,32.50361177,1536,52.069948607969216,,4877.724518910693
Meszaros,1787,gen2,Linear Programming Problem,real,C. Meszaros,1121,3264,81855,81855,0,0,1121,1,1121,1,0,0,1,1,0,0,0,0,47.32864,1.414214,33.4664,3037,-0.459169034,4.8351088182183055,"[[-2240.0,2240.0]]",0,1.7995529628002478,81855,4480,1187.7971088374363,24.53463453,2238,66.62395288518998,,5581.991252825118
Meszaros,1788,gen4,Linear Programming Problem,real,C. Meszaros,1537,4298,107103,107103,0,0,1537,1,1537,1,0,0,1,1,0,0,0,0,55.43465,1.414214,39.19821,3072,-0.392884835,4.044106694304537,"[[-3073.0,3073.0]]",0,0.9997024890680508,107103,6146,962.7297738028708,25.14215176,3072,93.83884509431454,,5845.089437270664
Meszaros,1789,gen,Linear Programming Problem,real,C. Meszaros,769,2561,63086,63086,0,0,769,1,769,1,0,0,1,1,0,0,0,0,39.20459,1.414228,27.72156,1768,-0.531343982,5.753989050415515,"[[-1537.0,1537.0]]",0,0.9992242826108132,63086,3074,1361.1404222191288,32.50361177,1536,52.069948607969216,,4877.724518910693
Meszaros,1790,iprob,Linear Programming Problem,real,C. Meszaros,3001,3001,9000,9000,0,0,3001,1,3000,0,1,1,1,1,100,50,0,0,132256.3,3.134804e-17,4.218964e+21,5998,-0.600424195,1.7320509065900491,"[[-2828884.7654,2828884.7654]]",0,0.010305861,9000,28121943453,1782183191.4027326,1.02070609,2828883.7551000025,1885293.8692076907,,4001.3333333333335
Meszaros,1791,l30,Linear Programming Problem,real,C. Meszaros,2701,16281,52070,52070,0,0,2701,1,2701,1,0,0,1,1,0,0,0,0,5.099453,0.002221105,2295.909,640,-0.998044851,-1.000026716,"[[-18.2427,18.2427]]",0,3.425289750967184e-05,52070,51.59812278331118,23.96411944446384,0.1000000015499999,18.20935794,11.31189744079115,,81.81344344152103
Meszaros,1792,stoch_aircraft,Linear Programming Problem,integer,C. Meszaros,3754,7517,20267,20267,0,0,3754,1,3754,1,0,0,1,1,0,0,0,0,3202.656,0.1539053,20809.26,6007,19.02688139492644,58.38668112963207,"[[-60751.0,60751.0]]",0,0.000887304,20267,13608224,1675364.4878373712,27,60746,11478.99008239996,,2644.968421572013
Meszaros,1793,cep1,Linear Programming Problem,real,C. Meszaros,1521,4769,8233,8233,0,0,1521,1,1521,1,0,0,1,1,0,0,0,0,14.89963,1,14.89963,3457,-0.858276142,1.898576419,"[[-218.04,218.04]]",0,0.076768335,8233,1090.2,114.2386490465201,1.16,216.88,24.379759504433387,,124.37714077493015
Meszaros,1794,deter0,Linear Programming Problem,real,C. Meszaros,1923,5468,11173,11173,0,0,1923,1,1923,1,0,0,1,1,0,0,0,0,7.067323,0.04555677,155.1322,749,-0.997908421,-1.025080804,"[[-29.8585,29.8585]]",0,0.006133664,11173,576.1794745,28.577331503155392,3.7636,27.9185,11.388962846146962,,28.65076523762642
Meszaros,1795,deter1,Linear Programming Problem,real,C. Meszaros,5527,15737,32187,32187,0,0,5527,1,5527,1,0,0,1,1,0,0,0,0,9.23744,0.03073304,300.5704,2212,-0.99817729,-1.026139872,"[[-56.4731,56.4731]]",0,0.006125518,32187,1608.1190929999998,33.43634542605388,3.7636,54.51315,12.214351377885482,,33.41755988442539
Meszaros,1796,deter2,Linear Programming Problem,real,C. Meszaros,6095,17313,35731,35731,0,0,6095,1,6095,1,0,0,1,1,0,0,0,0,10.69983,0.02340609,457.1386,3416,-0.993360201,-1.040101767,"[[-84.3238,84.3238]]",0,0.01163751,35731,2457.95172,42.02050338435953,3.7636,82.32582000000002,13.676287483977498,,41.625003498362766
Meszaros,1797,deter3,Linear Programming Problem,real,C. Meszaros,7647,21777,44547,44547,0,0,7647,1,7647,1,0,0,1,1,0,0,0,0,10.29729,0.03318226,310.3253,3072,-0.999648905,-1.024610192,"[[-77.1646,77.1646]]",0,0.006043156,44547,2215.142398,36.25182440552234,3.8416,75.20457999999998,12.70766325,,36.205154106898334
Meszaros,1798,deter4,Linear Programming Problem,real,C. Meszaros,3235,9133,19231,19231,0,0,3235,1,3235,1,0,0,1,1,0,0,0,0,10.19648,0.02751414,370.5907,2986,-0.997324695,-1.056256771,"[[-74.1865,74.1865]]",0,0.030267268,19231,2154.440067499999,48.52928321173427,3.7636,72.22646000000002,14.70811346991836,,48.18121782538609
Meszaros,1799,deter5,Linear Programming Problem,real,C. Meszaros,5103,14529,29715,29715,0,0,5103,1,5103,1,0,0,1,1,0,0,0,0,9.007537,0.03676882,244.9776,2040,-0.998088293,-1.025958224,"[[-51.3334,51.3334]]",0,0.00608457,29715,1486.7144319999998,32.84777680300386,3.8416,49.37338999999999,12.110555228672387,,32.85959952885748
Meszaros,1800,deter6,Linear Programming Problem,real,C. Meszaros,4255,12113,24771,24771,0,0,4255,1,4255,1,0,0,1,1,0,0,0,0,8.536033,0.03873468,220.3718,1696,-0.998040162,-1.025920735,"[[-43.6403,43.6403]]",0,0.006110552,24771,1243.90511,31.731775202906235,3.8416,41.68031,11.915398480077508,,31.74288482499697
Meszaros,1801,deter7,Linear Programming Problem,real,C. Meszaros,6375,18153,37131,37131,0,0,6375,1,6375,1,0,0,1,1,0,0,0,0,9.674501,0.03410542,283.6646,2556,-0.997011228,-1.027362941,"[[-62.9143,62.9143]]",0,0.006004126,37131,1850.928415,34.58237666905884,3.8416,60.95428999999998,12.415512734642212,,34.53295090355768
Meszaros,1802,deter8,Linear Programming Problem,real,C. Meszaros,3831,10905,22299,22299,0,0,3831,1,3831,1,0,0,1,1,0,0,0,0,8.298489,0.03768114,220.2293,1524,-0.989490449,-1.035046301,"[[-40.1246,40.1246]]",0,0.006219292,22299,1122.500449,31.353785242712668,3.8416,37.79223,11.850887812457955,,31.18395443741872
Meszaros,1803,fxm2-6,Linear Programming Problem,real,C. Meszaros,1520,2845,12812,12812,0,0,1520,1,1520,1,0,0,39,1,0,0,0,0,1014.14,0.0419627,24167.65,854,-0.221730876,-2.946520709,"[[-2095.2,2095.2]]",0,0.004886804,12812,1529349.336,92195.61615004746,1.1,2094.2000000000003,188.8957267358726,,211.46183265688416
Meszaros,1804,fxm2-16,Linear Programming Problem,real,C. Meszaros,3900,7335,32972,32972,0,0,3900,1,3900,1,0,0,99,1,0,0,0,0,1014.14,0.0419627,24167.65,3092,-0.21692327,-2.949804806,"[[-2095.2,2095.2]]",0,0.004886804,32972,1529349.336,95526.05207684168,1.1,2094.2000000000003,195.59584200048525,,216.6838226373893
Meszaros,1805,fxm3_6,Linear Programming Problem,real,C. Meszaros,6200,12625,57722,57722,0,0,6200,1,6200,1,0,0,159,1,0,0,0,0,1014.14,0.04196253,24167.75,4010,-0.190575637,-3.042238043,"[[-2095.2,2095.2]]",0,0.001617793,57722,1529349.336,122623.11979117058,1.1,2094.2000000000003,245.84661649908185,,250.3532275388933
Meszaros,1806,fxm3_16,Linear Programming Problem,real,C. Meszaros,41340,85575,392252,392252,0,0,41340,1,,,,,1059,1,0,0,0,0,1014.1399219970529,7.839792896514106e-07,1293579990.4203863,36226,-0.186167442,-3.05517803,"[[-2095.2,2095.2]]",0,0.000696999,392252,1529349.336,128298.6959425317,1.1,2094.2000000000003,256.7062215560405,,260.2429535094786
Meszaros,1807,fxm4_6,Linear Programming Problem,real,C. Meszaros,22400,47185,265442,265442,0,0,22400,1,22400,1,0,0,159,1,0,0,0,0,1014.14,0.04196221,24167.94,24316,-0.200472909,-3.142812461,"[[-2095.2,2095.2]]",0,0.000434903,265442,1529349.336,159875.60298537734,1.1,2094.2000000000003,315.56631856511024,,309.8586847597592
Meszaros,1808,pgp2,Linear Programming Problem,integer,C. Meszaros,4034,13254,22474,22474,0,0,4034,1,4034,1,0,0,1,1,0,0,0,0,31.99564,1.001338,31.95288,10356,1.0021689285492967,1.617230091938016,"[[-593.0,593.0]]",0,0.1118200680629184,22474,23720,373.99857613241966,5,588,63.22599448251312,,364.94411319747263
Meszaros,1809,stormg2-125,Linear Programming Problem,real,C. Meszaros,66185,172431,433256,433256,0,0,65935,0,,,,,377,626,0,0,0,0,1162.818727577417,7.359988487242812e-08,15799192207.88116,67876,-0.271687506,-6.942371224,"[[-8948.0,8948.0]]",0.001047708,2.188102089124032e-12,433256,2642192.7,17562.239450301902,2,8946,146.46818786121833,,58.12668491607733
Meszaros,1810,stormg2-27,Linear Programming Problem,real,C. Meszaros,14441,37485,94274,94274,0,0,14387,0,14387,0,0,54,83,136,0,0,0,0,544.6601,0,inf,13413,-0.288211472,-4.762600926,"[[-1990.0,1990.0]]",0.001039941,4.644325557103899e-12,94274,601342.7,4791.437818274391,2,1988,41.67047966565543,,38.44768440927509
Meszaros,1811,stormg2-8,Linear Programming Problem,real,C. Meszaros,4409,11322,28553,28553,0,0,4393,0,4393,0,0,16,26,41,0,0,0,0,305.3977,0,inf,4832,-0.336342987,-2.951601757,"[[-954.2,954.2]]",0.0010171,4.043119358919385e-12,28553,233206.47999999992,2432.157660491016,2,953.1999999999998,23.363471439078204,,35.987952229187826
Meszaros,1815,ts-palko,Linear Programming Problem,real,C. Meszaros,22002,47235,1076903,1076903,0,0,22002,1,22002,1,0,0,1,1,0,0,0,0,789.9707,3.690559,214.0518,62990,1.011647956207809,1.1056937883139746,"[[-112056.5,112056.5]]",0,3.341449191993348,1076903,10466997.75,536914.8379,375,112026,9314.999845389975,,85023.84698436163
Meszaros,1816,delf,Linear Programming Problem Sequence,real,C. Meszaros,3170,6654,15397,15397,0,0,3170,1,3170,1,0,0,1,1058,0,0,0,0,3921.629,0.0102194,383743.7,134,-0.898587626,1.0113920576142663,"[[-4597.2826,4597.2826]]",0.10749185667752444,1.2017177773960579e-11,15397,17947239.63162292,204874.36894558807,1.28157715647e-05,4594.471591,495.9157031493576,,32.57978827044229
Meszaros,1817,kleemin,Linear Programming Problem Sequence,integer,C. Meszaros,8,16,44,44,0,0,8,1,8,1,0,0,1,1,0,0,0,0,20202020,1,20202020,8,inf,inf,"[[-22222222.0,22222222.0]]",0,0.4079735503959657,44,493827128395062.0,1.3856E+13,2,22222221,8043558.909090909,,30.318181818181817
Meszaros,1818,large,Linear Programming Problem Sequence,real,C. Meszaros,4282,8617,20635,20635,0,0,4282,1,4282,1,0,0,1,1322,0,0,0,0,4044.599,0.008180865,494397.4,157,-0.470122565,-1.336478249,"[[-5597.9308,5597.9308]]",0.10233351422590899,1.4077345337705664e-11,20635,21853650.12273504,284686.67761522054,1.28157715647e-05,5595.173392,669.8194161485183,,34.92391567724739
Meszaros,1819,nsct,Linear Programming Problem Sequence,integer,C. Meszaros,23003,37563,697738,697738,0,0,23002,0,22617,0,385,386,22,3698,0,0,0,0,8930042,0,inf,13327,-7.98E-05,-60899.72528,"[[-109120402.0,109120402.0]]",0,0,697738,575976874221122.0,8.42786E+12,1,109120401,4278909.940997911,,53556.77954045788
Meszaros,1820,nsic,Linear Programming Problem Sequence,integer,C. Meszaros,465,897,3449,3449,0,0,465,1,465,1,0,0,7,7,0,0,0,0,3117637,2.40767e-06,1.29488E+12,372,-1.09E-05,-146988.5627,"[[-17822534.0,17822534.0]]",0,2.1287048382378963e-14,3449,2.55482E+13,1076184363507.6202,1,17822533,1557765.742824007,,278.3766309075094
Meszaros,1821,nsir,Linear Programming Problem Sequence,integer,C. Meszaros,4453,10057,154939,154939,0,0,4453,1,4391,0,62,62,4,4,0,0,0,0,10078640,5.040161e-06,1.99967E+12,4155,-2.40E-05,-134559.8253,"[[-146346752.0,146346752.0]]",0,2.2355837307711367e-12,154939,536672711008512.0,19099210816380.27,1,146346751,9991732.880662711,,11913.889453268706
Meszaros,1822,plddb,Linear Programming Problem Sequence,real,C. Meszaros,3069,5049,10839,10839,0,0,3069,1,3069,1,0,0,199,397,0,0,0,0,142.5917,0.01160791,12284.01,87,1.1147809503689263,1.5189308337333876,"[[-249.9667,249.9667]]",0,4.012285127064496e-11,10839,27718.55615,1140.8983777452231,0.012815772,248.9018312,38.82323600837372,,15.014669249930805
Meszaros,1823,rat,Linear Programming Problem Sequence,real,C. Meszaros,3136,9408,268908,268908,0,0,3136,1,3136,1,0,0,1,1,0,0,0,0,1.7972,1.416088,1.26913,2447,-0.024571754,1.041430994899207,"[[-3.1197,3.1197]]",0,0.005937775,268908,3.4931704841000006,3.3783975980563645,1.80889358,2.4452900000000004,2.0019224724812945,,7265.626102607584
Meszaros,1824,small,Linear Programming Problem Sequence,real,C. Meszaros,677,1400,3207,3207,0,0,677,1,677,1,0,0,11,222,0,0,0,0,1193.773,0.006726425,177475.1,177,-0.162002077,-5.212719027,"[[-1851.9476,1851.9476]]",0.1059220028887819,2.752660958428628e-11,3207,1855651.536,38399.011795070524,7.842677632919999e-05,1849.651478,266.2040146431893,,32.69566573121297
Meszaros,1825,pltexpa,Linear Programming Problem Sequence,integer,C. Meszaros,26894,70364,143059,143059,0,0,26894,1,26894,1,0,0,1,1,0,0,0,0,2327.072,1,2327.072,23543,-0.187154613,-1.207084542,"[[-10051.0,10051.0]]",0,0.001117346,143059,17167108,198664.67349135672,4,10050,697.1756408,,20.339097854731264
Meszaros,1826,sc205-2r,Linear Programming Problem Sequence,real,C. Meszaros,35213,62423,123239,123239,0,0,35213,1,35213,1,0,0,2,2,0,0,0,0,56.64595,0.04243678,1334.832,23992,1.1265603284499357,1.540337636918061,"[[-1761.0,1761.0]]",0,2.2677192527671042e-13,123239,10419.5,494.85985767492434,1,1758.9999999999538,170.13210103944309,,486.17294038413166
Meszaros,1827,scagr7-2b,Linear Programming Problem Sequence,real,C. Meszaros,9743,13847,35885,35885,0,0,9743,1,9743,1,0,0,2,1,0,0,0,0,152.6801,0.01279965,11928.45,7429,-0.923824831,-1.70894388,"[[-3477.48,3477.48]]",0,0.049319505,35885,60716.8008,1190.3022113668665,2,3476.479999999988,216.4120554549249,,822.4467884
Meszaros,1828,scagr7-2c,Linear Programming Problem Sequence,real,C. Meszaros,2447,3479,9005,9005,0,0,2447,1,2447,1,0,0,2,1,0,0,0,0,76.38976,0.02422216,3153.714,1848,-0.924309129,-1.7065102,"[[-870.12,870.12]]",0,0.049319505,9005,15192.2952,311.1503941921155,2,869.1200000000007,56.15629205996672,,217.6318711826763
Meszaros,1829,scagr7-2r,Linear Programming Problem Sequence,real,C. Meszaros,32847,46679,120141,120141,0,0,32847,1,32847,1,0,0,2,1,0,0,0,0,280.4484,0.007255786,38651.7,24188,-0.922737657,-1.705687947,"[[-11734.12,11734.12]]",0,0.049213133,120141,204877.7352,4001.987482,2,11733.119999999944,728.9351602700141,,2756.762928558944
Meszaros,1830,scfxm1-2b,Linear Programming Problem Sequence,real,C. Meszaros,19036,33047,111052,111052,0,0,19036,1,19036,1,0,0,771,1,0,0,0,0,106.6758,0.1123264,949.6946,17962,1.0622846281485463,1.1718488287409374,"[[-328.5,328.5]]",0,0.005595147,111052,42570.619,530.0077657,1.562,327.5,26.10205055739653,,160.2746371069409
Meszaros,1831,scfxm1-2r,Linear Programming Problem Sequence,real,C. Meszaros,37980,65943,221388,221388,0,0,37980,1,37980,1,0,0,1539,1,0,0,0,0,106.6758,0.1122766,950.1158,37008,1.060934565719882,1.172713250203594,"[[-562.2017,562.2017]]",0,0.002880834,221388,69898.619,602.2719114543928,1.562,554.2717,34.829232694183965,,256.5014318752597
Meszaros,1832,scrs8-2b,Linear Programming Problem Sequence,real,C. Meszaros,1820,3499,7367,7367,0,0,1820,1,1820,1,0,0,262,1,0,0,0,0,43.05276,0.00590752,7287.789,2398,2.945298825624767,7.931469082,"[[-123.984,123.984]]",0,0.000510632,7367,5658.984,150.24838997019967,0.0802,123.19199999999974,21.658276131396764,,172.3666349938917
Meszaros,1833,scrs8-2c,Linear Programming Problem Sequence,real,C. Meszaros,1820,3499,7367,7367,0,0,1820,1,1820,1,0,0,262,1,0,0,0,0,43.05276,0.00590752,7287.789,2398,2.945298825624767,7.931469082,"[[-123.984,123.984]]",0,0.000510632,7367,5658.984,150.24838997019967,0.0802,123.19199999999974,21.658276131396764,,172.3666349938917
Meszaros,1834,scrs8-2r,Linear Programming Problem Sequence,real,C. Meszaros,14364,27691,58439,58439,0,0,14364,1,14364,1,0,0,2054,1,0,0,0,0,46.61068,0.00212819,21901.56,18974,2.9364291827715765,7.931066688002815,"[[-977.872,977.872]]",0,0.00051061,58439,28912.872,755.0063896145475,0.0802,977.0800000000162,132.12664491794905,,1296.3200773456083
Meszaros,1835,scsd8-2b,Linear Programming Problem Sequence,real,C. Meszaros,5130,35910,112770,112770,0,0,5130,1,5130,1,0,0,1,1,0,0,0,0,45.78385,0.08089673,565.9543,18177,-0.999357987,1.0035733332456098,"[[-363.4494,363.4494]]",0,0.1770186313548091,112770,8025.398891,1151.7630434424889,10.852,358.02340000000294,77.57269179391713,,2226.234105
Meszaros,1836,scsd8-2c,Linear Programming Problem Sequence,real,C. Meszaros,5130,35910,112770,112770,0,0,5130,1,5130,1,0,0,1,1,0,0,0,0,45.78385,0.08089673,565.9543,18177,-0.999357987,1.0035733332456098,"[[-363.4494,363.4494]]",0,0.1770186313549912,112770,8025.398891,1151.7630434424889,10.852,358.02340000000294,77.57269179391713,,2226.234105
Meszaros,1837,scsd8-2r,Linear Programming Problem Sequence,real,C. Meszaros,8650,60550,190210,190210,0,0,8650,1,8650,1,0,0,1,1,0,0,0,0,59.40896,0.06291109,944.3322,30673,-0.999357877,1.0035751630479075,"[[-612.3486,612.3486]]",0,0.1770186313547815,190210,13521.391906319996,1919.3316784314472,10.852,606.9226000000037,124.53480409652514,,3714.2506703117606
Meszaros,1838,sctap1-2b,Linear Programming Problem Sequence,integer,C. Meszaros,15390,33858,99454,99454,0,0,15390,1,15390,1,0,0,1,1,0,0,0,0,961.7856,1,961.7856,19468,1.7478726047695805,2.152065688292565,"[[-12113.0,12113.0]]",0,0.4277937710340682,99454,4118420,145500.65262332337,3,12110,867.4256440163291,,1321.486094073642
Meszaros,1839,sctap1-2c,Linear Programming Problem Sequence,integer,C. Meszaros,3390,7458,21854,21854,0,0,3390,1,3390,1,0,0,1,1,0,0,0,0,461.1589,1,461.1589,3502,1.7500282430447784,2.1595280726874586,"[[-2713.0,2713.0]]",0,0.4285593032256078,21854,922420,35793.28754461426,3,2710,235.6375034,,316.7419236752997
Meszaros,1840,sctap1-2r,Linear Programming Problem Sequence,integer,C. Meszaros,28830,63426,186366,186366,0,0,28830,1,28830,1,0,0,1,1,0,0,0,0,1312.831,1,1312.831,34990,1.7475908627848196,2.151088674884826,"[[-22641.0,22641.0]]",0,0.4276850435574671,186366,7697940,268358.9948488458,3,22638,1581.0280737902835,,2446.695759956215
Mittelmann,1645,nug08-3rd,Linear Programming Problem,integer,"S. Karisch, F. Rendl",19728,29856,148416,148416,0,0,19728,1,18270,0,1458,1458,1,1,0,0,0,0,8.115185,4.761293e-118,1.7044079999999998e+118,13475,-1,2.024031446569765,"[[-16.0,16.0]]",0,0.5096378612645416,148416,128,56.24320827943079,8,9,3.055627425614489,,56.24320827943079
Mittelmann,1646,pds-30,Linear Programming Problem,integer,"W. Carolan, J. Hill, J. Kennington, S. Niemi, S. Wichmann",49944,158489,340635,340635,0,0,49788,0,,,,,967,157,0,0,0,0,9.853179841142849,1.86099388815745e-07,52945793.66350514,40070,-1,1.0943827111061188,"[[-96.0,96.0]]",0.000748442,4.7681165873633555e-11,340635,192,26.883840474408093,2,94,10.218615233314251,,26.883840474408093
Mittelmann,1647,pds-40,Linear Programming Problem,integer,"W. Carolan, J. Hill, J. Kennington, S. Niemi, S. Wichmann",66844,217531,466800,466800,0,0,66641,0,,,,,1302,204,0,0,0,0,9.854271612711822,7.235878090158599e-06,1361862.5811447068,46949,-1,1.0922458517487763,"[[-96.0,96.0]]",0.000713846,4.292703633007551e-11,466800,192,27.863658954584405,2,94,10.73601970865467,,27.863658954584405
Mittelmann,1648,pds-50,Linear Programming Problem,integer,"W. Carolan, J. Hill, J. Kennington, S. Niemi, S. Wichmann",83060,275814,590833,590833,0,0,82837,0,,,,,1405,224,0,0,0,0,9.853952678966074,3.841108559896048e-06,2565392.9133501896,78316,-1,1.0897250544060133,"[[-96.0,96.0]]",0.000621388,5.0195911430769416e-11,590833,192,28.69632874263963,2,94,11.192983465717049,,28.69632874263963
Mittelmann,1649,pds-60,Linear Programming Problem,integer,"W. Carolan, J. Hill, J. Kennington, S. Niemi, S. Wichmann",99431,336421,719557,719557,0,0,99204,0,,,,,1507,228,0,0,0,0,9.854402446186404,3.4815249414733205e-06,2830484.5180905685,112775,-1,1.0875831878695206,"[[-96.0,96.0]]",0.000520819,5.889530677121987e-11,719557,192,29.51357988317812,2,94,11.63271568478939,,29.51357988317812
Mittelmann,1650,pds-70,Linear Programming Problem,integer,"W. Carolan, J. Hill, J. Kennington, S. Niemi, S. Wichmann",114944,390005,833465,833465,0,0,114717,0,,,,,1533,228,0,0,0,0,9.854727459283804,7.409259045645568e-06,1330055.7314264025,96380,-1,1.086310579643253,"[[-96.0,96.0]]",0.00044955,7.682688757912887e-11,833465,192,29.96796626133071,2,94,11.885050961948012,,29.96796626133071
Mittelmann,1651,pds-80,Linear Programming Problem,integer,"W. Carolan, J. Hill, J. Kennington, S. Niemi, S. Wichmann",129181,434580,927826,927826,0,0,128954,0,,,,,1546,228,0,0,0,0,9.856628836,5.284148229991049e-06,1865320.2762793847,175285,-1,1.0847003785415483,"[[-96.0,96.0]]",0.000402653,3.672423996020871e-11,927826,192,30.190979774224907,2,94,12.031102814536348,,30.190979774224907
Mittelmann,1652,pds-90,Linear Programming Problem,integer,"W. Carolan, J. Hill, J. Kennington, S. Niemi, S. Wichmann",142823,475448,1014136,1014136,0,0,142596,0,,,,,1546,228,0,0,0,0,9.864341207361804,1.5609367201645263e-05,631950.1027768813,201891,-1,1.0831105171584356,"[[-96.0,96.0]]",0.000367153,5.061627387782913e-11,1014136,192,30.353502883242484,2,94,12.143542877878312,,30.353502883242484
Mittelmann,1654,rail507,Linear Programming Problem,integer,P. Nobili,507,63516,409856,409856,0,0,507,1,507,1,0,0,1,1,0,0,0,0,149.3258,1,149.3258,32798,-1,28.41468770403001,"[[-7754.0,7754.0]]",0,0.034121811,409856,85294,13365.82926930434,2,7753,1871.438583307308,,13365.82926930434
Mittelmann,1655,rail516,Linear Programming Problem,integer,P. Nobili,516,47827,315412,315412,0,0,516,1,516,1,0,0,1,14,0,0,0,0,143.8915,1,143.8915,45972,-1,24.70351322973056,"[[-7806.0,7806.0]]",0,2.186798070892941e-13,315412,93672,14526.182976551305,2,7805,2028.9195591797395,,14526.182976551305
Mittelmann,1656,rail582,Linear Programming Problem,integer,P. Nobili,582,56097,402290,402290,0,0,582,1,582,1,0,0,1,1,0,0,0,0,185.9067,1,185.9067,47992,-1,26.27203705979949,"[[-8920.0,8920.0]]",0,0.1685001349972186,402290,107040,24128.942449476745,2,8919,2835.785950433766,,24128.942449476745
Mittelmann,1659,sgpf5y6,Linear Programming Problem,integer,H. Mittelmann,246077,312540,831976,831976,0,0,246077,1,,,,,1,1,0,0,0,0,8.472749065553563,1.637088019377307e-05,517550.0012990328,190760,-1,-1.276570256,"[[-61.0,61.0]]",0,0.000219563,831976,732,63.17222972778061,2,59,19.08525486312105,,63.17222972778061
Mittelmann,1661,watson_1,Linear Programming Problem,real,H. Mittelmann,201155,386992,1055093,1055093,0,0,201155,1,,,,,15326,1,0,0,0,0,20.593800407605315,1.141677841720138e-05,1803818.8756100533,107136,-0.895685847,1.9659244933144733,"[[-117.8104,117.8104]]",0,1.685228197808931e-05,1055093,1164.109227,88.25882213687532,2,116.81044,26.88918739226589,,123.12730252214732
Mittelmann,1665,fome11,Linear Programming Problem,real,H. Mittelmann,12142,24460,71264,71264,0,0,12142,1,12116,0,26,26,1,2,0,0,0,0,15.91695,4.598797e-16,3.461112e+16,6630,-0.992885189,1.1643591739549597,"[[-233.0,233.0]]",0,2.2897615058518685e-11,71264,2097,63.28368149102292,3,232,12.59520000747995,,62.13973394701392
Mittelmann,1666,fome12,Linear Programming Problem,real,H. Mittelmann,24284,48920,142528,142528,0,0,24284,1,24232,0,52,52,1,4,0,0,0,0,15.91695,5.097518e-16,3.122491e+16,6757,-0.992885189,1.1643591739549597,"[[-233.0,233.0]]",0,5.593108709180703e-12,142528,2097,63.28368149102292,3,232,12.59520000747995,,62.13973394701392
Mittelmann,1667,fome13,Linear Programming Problem,real,H. Mittelmann,48568,97840,285056,285056,0,0,48568,1,,,,,1,8,0,0,0,0,15.916952975331316,5.9132350363645215e-06,2691750.4339751587,6889,-0.992885189,1.1643591739549597,"[[-233.0,233.0]]",0,2.5732421561214183e-11,285056,2097,63.28368149102292,3,232,12.59520000747995,,62.13973394701392
Mittelmann,1668,fome20,Linear Programming Problem,integer,H. Mittelmann,33874,108175,232647,232647,0,0,33798,0,33787,0,11,87,853,77,0,0,0,0,9.854167,0,inf,19021,-1,1.0956410925814286,"[[-96.0,96.0]]",0.000535027,5.7671111998316586e-11,232647,192,26.959896323614743,2,94,10.214006628067416,,26.959896323614743
Mittelmann,1669,fome21,Linear Programming Problem,integer,H. Mittelmann,67748,216350,465294,465294,0,0,67596,0,,,,,1704,154,0,0,0,0,9.854166788467214,2.179293069716475e-07,45217262.99872664,31872,-1,1.0956410925814286,"[[-96.0,96.0]]",0.000535027,5.80406047185109e-11,465294,192,26.959896323614743,2,94,10.214006628067416,,26.959896323614743
